fac_id,org_name,facility_name,fac_aka,address1,address2,city,state,zipcode,latitude,longitude,fac_website,fac_net_count,fac_ix_count,fac_carrier_count,sales_email,sales_phone,tech_email,tech_phone,property,voltage_services,last_updated,fac_notes
552,TATA Communications Ltd,TATA Communications Chennai,,"4th floor, 2nd block",,Chennai,TN,600002,,,http://www.tatacommunications.com,81,4,2,,,,,,,2025-09-26 00:00:00,
553,TATA Communications Ltd,TATA Communications Cochin,,Thrikkakara,Kakkanad,Cochin,KL,682030,,,http://www.tatacommunications.com,4,0,0,,,,,,,2025-09-26 00:00:00,
554,TATA Communications Ltd,TATA Communications Mumbai,,Kashinath Dhuru Marg,Prabahdevi,Mumbai,MH,400028,19.020332,72.83155,http://www.tatacommunications.com,86,2,1,,,,,,,2025-09-26 00:00:00,
698,Honesty Net Solutions (I) Pvt Ltd,HNS - IDC01,,A-2009 Station Plaza,Station Road Bhandup West,Mumbai,MH,400078,19.144661,72.937966,http://www.hns.net.in/,2,0,0,,,,,,,2025-09-26 00:00:00,
1005,Reliance Communications Limited,Reliance IDC-1,,"IDC-1, DAKC, Thane Belapur Road",Navi Mumbai,Mumbai,MS,400710,,,http://www.rcom.co.in,8,0,0,,,,,,,2025-09-26 00:00:00,
1006,Reliance Communications Limited,Reliance IDC-2,,"IDC-II, DAKC, Thane Belapur Road",Navi Mumbai,Navi Mumbai,MS,400710,,,http://www.rcom.co.in,4,0,0,,,,,,,2025-09-26 00:00:00,
1007,Reliance Communications Limited,Reliance IDC-3,,"IDC-III, DAKC, Thane Belapur Road",Navi Mumbai,Navi Mumbai,MS,400710,,,http://www.rcom.co.in,1,0,0,,,,,,,2025-09-26 00:00:00,
1008,Reliance Communications Limited,Reliance IDC-4,,"IDC-IV, DAKC, Thane Belapur Road",Navi Mumbai,Navi Mumbai,MS,400710,,,http://www.rcom.co.in,2,0,0,,,,,,,2025-09-26 00:00:00,
1013,Reliance Communications Limited,Reliance Chennai IDC,,"Reliance Communications Infrastructure Limited, Reliance House, No-6, Haddows Road, Nungambakkam, Chennai,  India - 600006",,Chennai,,,13.065477,80.248031,http://www.relianceidc.com/HTML/index.html,11,0,0,,,,,,,2025-09-26 00:00:00,
1014,Reliance Communications Limited,Reliance Hyderabad IDC,,"Relaince Communications Infrastructure Limited, Plot No-20, Hitec City Layout, Survay No 64, Madhapur, RR District, Hyderabad, I",,Hyderabad,AP,,,,http://www.relianceidc.com/HTML/index.html,1,0,0,,,,,,,2025-09-26 00:00:00,
1191,D-VoiS Broadband Pvt. Ltd.,DV-IDC-MUM01,,"4th floor Tower 2, Vashi Infotech Park",,Navi Mumbai,MH,,19.063195,72.998254,http://www.dvois.com,1,0,0,,,,,,,2025-09-26 00:00:00,
1192,D-VoiS Broadband Pvt. Ltd.,DV-IDC-MAN01,,"Innovation Center,  Manipal Institute of Technology, Manipal University Campus",Madhav Nagar,Manipal,KA,576104,13.352532,74.792822,http://www.dvois.com,1,0,0,,,,,,,2025-09-26 00:00:00,
1193,D-VoiS Broadband Pvt. Ltd.,DV-IDC-BAN01,,"Mantri Mall, No 1, Sampige Rd, Malleshwaram",,Bangalore,KA,560003,12.99163,77.571172,http://www.dvois.com,1,0,0,,,,,,,2025-09-26 00:00:00,
1194,D-VoiS Broadband Pvt. Ltd.,DV-IDC-MGL01,,"Manelkar Plaza, Balmata Circle, D.C. Gate Road",,Mangalore,KA,575001,,,http://www.dvois.com,1,0,0,,,,,,,2025-09-26 00:00:00,
1195,D-VoiS Broadband Pvt. Ltd.,DV-IDC-KOL01,,"Softel Telecom Pvt. Ltd., 224, AJC Bose Road, Krishna Building, Suite No. 911 & 912",,Kolkata,WB,700017,,,http://www.dvois.com,1,0,0,,,,,,,2025-09-26 00:00:00,
1196,D-VoiS Broadband Pvt. Ltd.,DV-IDC-HYD01,,"LANCO Hills Technology Park Pvt Ltd.  SyNo 201, Manikonda, Puppalaguda (SO)",,Hyderabad,AP,500089,,,http://www.dvois.com,1,0,0,,,,,,,2025-09-26 00:00:00,
1197,D-VoiS Broadband Pvt. Ltd.,DV-IDC-PUN01,,"City corporation ltd, Amanora park town, kharadi bypass road, hadapsar",,Pune,MH,411028,18.518404,73.932615,http://www.dvois.com,1,0,0,,,,,,,2025-09-26 00:00:00,
1248,D-VoiS Broadband Pvt. Ltd.,DV-IDC-DEL01,,"C-160 Okhla Industrial Area,Phase 1,",,New Delhi,ND,110020,28.524966,77.275333,http://www.dvois.com,1,0,0,,,,,,,2025-09-26 00:00:00,
1256,CtrlS Datacenters Ltd,CtrlS Hyderabad DC1,,"#16, Software Units Layout, Madhapur (Hitech-City)",Hyderabad,Hyderabad,Telangana,500081,17.436304,78.382204,https://www.ctrls.com/datacenter-hyderabad/,49,3,2,,,,,Owner,,2025-09-26 00:00:00,"Hyderabad DC 1 | No of Racks 1,152 | Built Up Area 1,91,749 Sq.ft | Power Capacity 4 MW | Security Level Six Zone"
1259,CtrlS Datacenters Ltd,CtrlS Mumbai DC1,,"Plot No. GEN 72/1/A, TTC Industrial Area, South Central Road, MIDC Industrial Area,",Mahape,Mumbai,Maharashtra,400710,19.108213,73.023588,http://www.ctrls.in,51,3,3,,,,,,,2025-09-26 00:00:00,"Mumbai DC1 & DC2 | No of Racks: 5,555 | Rated-4 Facility | Area: 3,94,177sq.ft. | Power Capacity: 42 MW | Security Level: Nine Zone"
1622,TATA Communications Ltd,TATA Communications Delhi,,"VSB, Bangla Sahib Road",,New Delhi,,110001,28.630933,77.207955,http://www.tatacommunications.com,73,5,1,,,,,,,2025-09-26 00:00:00,
1771,Web Werks DataCenter Pvt. Ltd.,Web Werks Mumbai 1,,Sigma IT Park,Rabale MIDC,Mumbai,Maharashtra,400701,19.141133,73.008884,http://www.webwerks.in,194,4,1,,,,,,,2025-09-26 00:00:00,
1772,Web Werks DataCenter Pvt. Ltd.,Web Werks Pune 1,,"Blue Ridge, Hinjewadi",Maharashtra,Pune,,411057,18.581465,73.736512,http://www.webwerks.in/datacenter-facilities/pune-datacenter/,8,0,0,,,,,,,2025-09-26 00:00:00,
1886,7 STAR Dot Com Pvt. Ltd,7 STAR Dot Com Pvt. Ltd,,"Mhada Bldg No.8, Flat No.001","Blue Bell Co-Op Hsg Soc, New Link Road, Oshiwara, Andheri (W)",Mumbai,MH,400053,,,http://www.my7star.com,2,0,0,,,,,,,2025-09-26 00:00:00,
1961,RVR Infrastructures Ltd,RVR Hyderabad,RVR Digital,Plot no 17-18,,Hyderabad,Telangana,500081,17.441864,78.391399,http://www.rvrnet.com,0,0,0,,,admin@rvrmail.com,+914044560000,,,2025-09-26 00:00:00,
1982,TATA Communications Ltd,TATA Communications GK1,,VSNL Colony,Greater Kailash I,New Delhi,Delhi,110048,,,http://www.tatacommunications.com/,63,6,2,,,,,,,2025-09-26 00:00:00,
1985,KORE NAP,KORE NAP,,216 Prabhat Centre Annex,,Mumbai,,400710,,,http://www.korenap.com,0,0,0,,,,,,,2025-09-26 00:00:00,
2003,NTTCINS,Netmagic Vikhroli,,"Mehra Industrial Estate, Asha Usha Compound,","LBS Marg, Vikhroli West",Mumbai,Maharastra,400079,19.108487,72.926288,https://services.global.ntt/en-us/,21,0,0,,,,,,,2025-09-26 00:00:00,
2006,Bharti Airtel Limited,Bharti Airtel Santhome,,Bharti Towers,101 Santhome High Road,Chennai,,600028,13.026469,80.27241,http://www.airtel.in,89,3,0,,,,,,,2025-09-26 00:00:00,
2046,Bharti Airtel Limited,Bharti Airtel Mumbai,,"Plot No, TPS-2, 14/3, 2nd floor",,Mumbai,,400054,19.066874,72.835432,http://www.airtel.in,45,0,0,,,,,,,2025-09-26 00:00:00,
2171,SamparK,Sampark,,"47, Powai Plaza",Powai,Mumbai,Ma,400078,19.118436,72.913693,http://www.samparkestates.com,0,0,0,,,,,,,2025-09-26 00:00:00,
2186,OODOO Communications,OODOO Communications,,Elcot Avenue,Sholinganallur,Chennai,TN,600119,,,http://www.oodoo.co.in,1,0,0,,,,,,,2025-09-26 00:00:00,
2310,"Equinix, Inc.",Equinix MB1 - Mumbai (GPX Mumbai 1),GPX Mumbai 1,"Unit A-001, Boomerang Chandivali Farm Road","Near Chandivali Studio, Andheri East Mumbai",Mumbai,Maharashtra,400051,19.113908,72.892742,https://www.equinix.com,256,7,3,,,,,,,2025-09-26 00:00:00,
2319,Nxtra Data Ltd,Nxtra Data Noida DC 2,,192-2-block-b-sector-81,,Noida,,122001,28.548464,77.402103,http://www.nxtradata.com,6,0,0,business@nxtra.in,,gp.singh@nxtra.in,+919717745802,,480 VAC,2026-03-24 00:00:00,[Nxtra by Airtel corporate profile - identical marketing text on all Nxtra records]
2411,Sify Technologies Limited,Sify Greenfort - Noida,,"B7, Block A, Sector 132",Noida Expressway,Noida,UP,201304,28.513835,77.37243,http://datacentre.sify.com/noida-datacentre.html,147,7,0,,,,,,,2025-09-26 00:00:00,
2424,Niss Internet Services Pvt. Ltd.,Niss Broadband-Tirunelveli,,"132,Tiruchendur Road",Palayamkottai,Tirunelveli,TN,627002,8.727028,77.736179,http://www.nissbroadband.com,2,0,0,,,,,,,2025-09-26 00:00:00,
2426,Niss Internet Services Pvt. Ltd.,Niss Broadband-Chennai,,,,Chennai,IN,603103,,,http://www.nissbroadband.com,2,0,0,,,,,,,2025-09-26 00:00:00,
2464,Sify Technologies Limited,Sify Airoli-DC- Mumbai,,"Sify Technologies Ltd, 4/5/6th floor, Reliable Plaza",,Mumbai,,,19.168001,72.99936,http://datacentre.sify.com/,28,2,1,,,,,,,2025-09-26 00:00:00,
2465,Sify Technologies Limited,Sify Rabale - Mumbai,,"Sify Technologies Ltd, Reliable Techspace, Plot No. R -847/ 1/2,","TTC Industrial Area, MIDC, Rabale",Navi Mumbai,Maharastra,400701,,,http://datacentre.sify.com/rabale-datacentre.html,50,4,0,,,,,,,2025-09-26 00:00:00,
2466,Sify Technologies Limited,Sify Vashi - Mumbai,,"Sify Technologies Ltd, VAT 251 floor 5 tower II,",,Navi Mumbai,,,,,http://datacentre.sify.com/,15,2,0,,,,,,,2025-09-26 00:00:00,
2467,Sify Technologies Limited,Sify ITPL - Bangalore,,"Sify Technologies Ltd, Unit No A/303, 3rd Floor",,Bangalore,,560100,,,http://datacentre.sify.com/bangalore-datacentre.html,13,2,0,,,,,,,2025-09-26 00:00:00,
2468,Sify Technologies Limited,Sify Tidel-DC- Chennai,,"Sify Technologies Limited II Floor, TIDEL Park, No.4,","Canal Bank Road, Taramani",Chennai,Tamilnadu,600113,12.989642,80.248491,http://datacentre.sify.com/,60,4,0,,,,,,,2025-09-26 00:00:00,
2497,Nxtra Data Ltd,Nxtra Data Chennai DC 1,,"Plot No: F8, SIPCOT IT Park","Siruseri, Navallur, Kancheepuram Distt",Chennai,,600103,12.84513,80.218906,http://www.nxtradata.com/,19,2,0,business@nxtra.in,,gp.singh@nxtra.in,+919717745802,,480 VAC,2026-03-24 00:00:00,[Nxtra by Airtel corporate profile - identical marketing text on all Nxtra records]
2498,Nxtra Data Ltd,Nxtra Data Mumbai DC 2,,B1069 Chandiwali Farm Road Andheri East Mumbai,,Mumbai,,400072,19.113735,72.893657,http://www.nxtradata.com,9,1,0,business@nxtra.in,,gp.singh@nxtra.in,+919717745802,,480 VAC,2026-03-24 00:00:00,[Nxtra by Airtel corporate profile - identical marketing text on all Nxtra records]
2499,Nxtra Data Ltd,Nxtra Data Manesar DC 1,,"2nd Floor, IT02, CP05",,Gurgaon,,122050,28.378818,76.901561,http://www.nxtradata.com,8,0,0,business@nxtra.in,,gp.singh@nxtra.in,+919717745802,,480 VAC,2026-03-31 00:00:00,[Nxtra by Airtel corporate profile - identical marketing text on all Nxtra records]
2500,Nxtra Data Ltd,Nxtra Data Bangalore DC 1,,Plot No: 111 & 112,"Vijayanagar, EPIP Zone, Whitefield, Bengaluru,",Bangalore,,560066,12.979886,77.725227,http://www.nxtradata.com,16,2,0,business@nxtra.in,,gp.singh@nxtra.in,+919717745802,,480 VAC,2026-03-31 00:00:00,[Nxtra by Airtel corporate profile - identical marketing text on all Nxtra records]
2501,Nxtra Data Ltd,Nxtra Data Pune DC 1,,"3/1 North Tower E-Park MIDC Knowledge Park, Kharadi",,Pune,,411014,18.552334,73.961354,http://www.nxtradata.com,2,0,0,business@nxtra.in,,GP.singh@nxtra.in,+919717745802,,480 VAC,2026-03-24 00:00:00,[Nxtra by Airtel corporate profile - identical marketing text on all Nxtra records]
3248,Syscon Infoway Pvt. Ltd.,Syscon Infoway Mumbai DC1,,"402, Skyline Icon, Andheri Kurla Road, Marol naka,","Andheri East, Mumbai - 400 059",Mumbai,Maharashtra,4000059,,,http://www.sysconinfoway.com/data-center.html,2,0,0,,,,,,,2025-09-26 00:00:00,
3372,MegaHostZone,MegaHostZone,,8/5 Kantanagar Road,,Berhampore,West Bengal,742101,24.110562,88.261621,https://www.megahostzone.com,1,0,0,,,,,,,2025-09-26 00:00:00,
3677,Powergrid Teleservices Limited,Powergrid New Delhi,,"Maharanibag 400/220 kV Sub Station,","Opp. ISBT, Sarai Kale Khan,",New Delhi,Delhi,110013,28.541476,77.235725,http://www.powergridindia.com,3,0,0,,,,,,,2025-09-26 00:00:00,
3678,Powergrid Teleservices Limited,Powergrid Mumbai,,"F-3, MIDC Area, Marol",Andheri East,Mumbai,Maharashtra,400097,19.123921,72.886058,http://www.powergridindia.com,3,0,0,,,,,,,2025-09-26 00:00:00,
3679,Powergrid Teleservices Limited,Powergrid Chennai,TELPOWER,"Terrace Level-II, Block-A South",Tidel Park,Chennai,Tamil Nadu,600113,,,https://www.powergrid.in,5,0,0,deewan@powergrid.in,,mplsnoc@powergrid.in,,Lessee,,2025-09-26 00:00:00,
3683,Star Broadband Services (I) Pvt. Ltd.,Star Broadband Datacentre Delhi,,"D-6/18, Vasant Vihar New Delhi",,New Delhi,New Delhi,110057,28.565612,77.156139,http://www.starith.net,2,0,0,,,,,,,2025-09-26 00:00:00,
3915,Andhra Pradesh State FiberNet Limited,Andhra Pradesh State Fibernet,,"APSFL Network Operations Center, Platinum Jubilee Guest House Road, Kirlampudi Layout, Chinna Waltair,",,Visakhapatnam,Andhra Pradesh,530017,17.721652,83.329723,http://www.apsfl.in,0,0,0,gmnoc-apsfl@ap.gov.in,+919154143307,pmdc.apsfl@ap.gov.in,+917337000840,,,2025-09-26 00:00:00,
3941,CtrlS Datacenters Ltd,CtrlS Noida DC1,,Sector 127,"Plot no. 13, 20130",Noida,Noida,201313,28.533258,77.349243,https://www.ctrls.com/datacenter-noida/,49,3,2,,,,,,,2025-09-26 00:00:00,"Location: Sector 127, Noida | Rated-4 Facility | Floors: B1 + G + 7 + T | Capacity: 8 MW IT Load | Area: 1.02 Lakh sq.ft | Security: 9 Zone Security"
3942,CtrlS Datacenters Ltd,CtrlS Bangalore DC1,,"Veer Sandra,","Electronic City,",Bangalore,Karnataka,560100,12.989871,77.592581,https://www.ctrls.com/datacenter-bangalore/,41,1,2,,,,,Owner,,2025-09-26 00:00:00,"Location: Electronic city, Bengaluru | Rated-4 Facility | Number of Racks - 2000 | Built-up area - 106,536 sq. ft. | LEED Platinum v4 O+M Certified Green Datacenter | Designed and Built for Seismic Zone 3 | B+G+7 Storey Building | IT Power capacity - 12 MW | Elevated DC | Zero Downtime Record"
3944,TATA Communications Ltd,TATA Communications Kolkata,,"1, CIT Rd",,Kolkata,West Bengal,700054,22.589379,88.390912,http://www.tatacommunications.com,42,1,1,,,,,,,2025-09-26 00:00:00,
4033,Sify Technologies Limited,Sify Banjara Hills Hyderabad,,"Plot - 92, Street No.8, Road Number 3, Sagar Society, Banjara Hills, Hyderabad, Telangana 500034",,Hyderabad,Telangana,500034,,,http://www.sifytechnologies.com/,4,0,0,,,,,,,2025-09-26 00:00:00,
4034,Sify Technologies Limited,Sify-LDT-Kolkata,,"Lansdowne Towers, 2/1a Sarat Bose Road, 3rd Floor",,Kolkata,West Bengal,700020,22.539895,88.355135,http://www.sifytechnologies.com/,3,0,0,,,,,,,2025-09-26 00:00:00,
4035,Sify Technologies Limited,Sify Okhla NewDelhi,,"258, Okhla Industrial Area Phase 3",,Delhi,Delhi,110020,28.551749,77.268491,http://www.sifytechnologies.com/,8,0,0,,,,,,,2025-09-26 00:00:00,
4064,Inic Communications Pvt. Ltd.,"Insta-DC, Mumbai",,Powai,,Mumbai,,400072,19.113897,72.89278,https://inic.in,2,0,0,,,,,,,2025-09-26 00:00:00,
4228,NTTCINS,Netmagic Chandivali - MUM-DC05,,Light Hall C Wing Hiranandani Business Park,Saki Vihar Road Chandivali Andheri East,Mumbai,Maharashtra,400072,19.114204,72.889297,https://services.global.ntt/en-us/,27,4,0,,,,,,,2025-09-26 00:00:00,
4377,RailTel Corporation Of India Ltd,Railtel Delhi,,"3rd Floor, Microwave Complex",,New Delhi,New Delhi,110002,,,http://www.railtelindia.com,1,0,0,,,,,,,2025-09-26 00:00:00,
4378,RailTel Corporation Of India Ltd,Railtel Mumbai,,"1st floor, Wester Railway MW complex",,Mumbai,Maharashtra,400011,18.99091,72.824245,http://www.railtelindia.com,0,0,0,,,,,,,2025-09-26 00:00:00,
4379,RailTel Corporation Of India Ltd,Railtel Kolkata,,"14, Strand Road",Kolkata-1,Kolkata,West Bengal,700007,22.586424,88.351506,http://www.railtelindia.com,0,0,0,,,,,,,2025-09-26 00:00:00,
4380,RailTel Corporation Of India Ltd,Railtel Secundrabad,,"2nd Floor,B-Block,Railway Nilyan",,Secundrabad,Telangana,500071,17.43875,78.510782,http://www.railtelindia.com,0,0,0,,,,,,,2025-09-26 00:00:00,
4381,RailTel Corporation Of India Ltd,Railtel Chennai,,"275/E, 4th Floor,EVR Periyar salai",,"Egmore ,Chennai",Tamilnadu,600008,,,http://www.railtelindia.com,0,0,0,,,,,,,2025-09-26 00:00:00,
4464,MistLayer,MistLayer Kerala (CLT01),,ULCCS Ltd Special Economic Zone,Nellikode (PO),Calicut,Kerala,673016,11.640404,75.572205,https://mistlayer.com,0,0,0,,,,,,,2025-09-26 00:00:00,Experimental Facility
4466,Bell Teleservices India Pvt Ltd,Bell Teleservices India Pvt Ltd,,"C-Wing, Mittal Tower",M.G.Road,Bangalore,Karnataka,560001,12.974603,77.609723,http://belltele.in,0,0,0,,,,,,,2025-09-26 00:00:00,
4701,NTTCINS,Netmagic Chennai,,"67, Mathiravedu",Velappanchavadi Poonamallee high road,Chennai,Tamil Nadu,600077,13.060871,80.133915,https://services.global.ntt/en-us/,11,2,0,,,,,,,2025-09-26 00:00:00,
5236,TATA Communications Ltd,TATA Communications VSB Hyderabad,,CFC-1,Software Units Layout - Madhapur,Hyderabad,,500081,,,http://www.tatacommunications.com,22,2,1,,,,,,,2025-09-26 00:00:00,
5419,Gigaline Teleservices Opc Private Limited,GIGALINE Parbhani,,RAVIRAJ COMPLEX STATION ROAD,,Parbhani,Maharashtra,431401,19.269457,76.789069,http://www.gigalinetele.com,0,0,0,,,,,,,2025-09-26 00:00:00,
5546,Remki Communications Private Limited,Fastcom DC Facility - 1,,Plot No. 86&88,"Housing Board, Nallapadu",Guntur,Andhra Pradesh,522002,16.535323,80.593028,https://www.remki.net,2,1,0,sales@remki.net,+918636777770,radhakrishna.r@remki.net,+918636777777,Lessee,48 VDC,2025-09-26 00:00:00,"Andhra Pradesh #1 Green-field Data center located in Guntur, Amaravati."
5554,NTTCINS,Netmagic Noida,,"H223, Sector 63",,Noida,Uttar Pradesh,201301,28.624843,77.376152,https://services.global.ntt/en-us/,23,2,0,,,,,,,2025-09-26 00:00:00,
5700,City Online services Limited,City Online Services Limited,,"701 , Aditya trade Center",Ameerpet,Hyderabad,Telangana,500038,17.436717,78.446524,http://www.cityonlines.com,2,0,0,,,,,,,2025-09-26 00:00:00,
6139,XConnect Data Centers Private Limited,XConnect Amaravati IDC,,"First Floor, NRT Tech Park",,Mangalagiri,Andhra Pradesh,522503,16.422679,80.576885,https://xconnect.co.in,0,0,0,,,,,,,2025-09-26 00:00:00,
6355,City Online services Limited,"City Online Services Ltd , Bengaluru",,"9th Floor , High Point IV",,Bangalore,Karnataka,560001,12.984844,77.588004,http://www.cityonlines.com,1,0,0,,,,,,,2025-09-26 00:00:00,
6356,City Online services Limited,"City Online Services Ltd, Vijayawada",,AVR Arcade,Sai Nagar,Vijayawada,Andhra Pradesh,520010,16.499566,80.655238,http://www.cityonlines.com,1,0,0,,,,,,,2025-09-26 00:00:00,
6357,City Online services Limited,"City Online Servces Ltd , Visakhapatnam",,"MIG 48, Sector 5",MVP Colony,Viskhapatnam,Andhra Pradesh,530017,17.739533,83.335846,http://www.cityonlines.com,0,0,0,,,,,,,2025-09-26 00:00:00,
6524,ESDS Software Solution Ltd.,ESDS Nashik,,"Plot No. B- 24 & 25, NICE Industrial Area",,Nashik,Maharashtra,422007,19.996201,73.747015,https://www.esds.co.in/,3,0,0,,,,,,,2025-09-26 00:00:00,
6525,ESDS Software Solution Ltd.,ESDS Mumbai,,Plot No. Gen 71/1 & 71/1/1 Mahape Circle,,Navi Mumbai,Maharashtra,400710,19.102853,73.021534,https://www.esds.co.in/,2,0,0,,,,,,,2025-09-26 00:00:00,
6588,Cyquator Technologies,Cyquator - Vashi Datacenter,,"Tower No.2, 4th Floor,  International Infotech Park,",,Navi Mumbai,Maharshtra,400703,19.063252,72.998855,http://www.cyquator.com,3,0,0,,,,,,,2025-09-26 00:00:00,
6721,Sheen Telecom Consultants Private Limited,Sheen Telecom Consultants Private Limited,,"Industrial Estate, Rangreth",,Srinagar,Jammu and Kashmir,190007,34.000509,74.793704,http://www.sheen.tel,0,0,0,,,,,,,2025-09-26 00:00:00,
6777,ST Telemedia Global Data Centres (STT GDC),STT Pune 1,,"T-1, V S N L Old Colony, Dighi, Pimpri-Chinchwad",,Pune,Maharashtra,411015,18.604032,73.866068,http://www.sttelemediagdc.com,7,0,1,,,,,,,2025-09-26 00:00:00,"IDC (Jade) Building, Tata Communications"
6778,ST Telemedia Global Data Centres (STT GDC),STT Chennai 1,,"4, Swami Sivananda Salai",,Chennai,,600002,13.068351,80.278869,http://www.sttelemediagdc.com,44,4,2,,,,,,,2025-09-26 00:00:00,
6779,ST Telemedia Global Data Centres (STT GDC),STT Chennai 2,,"226, Red Hills Road, Kallikuppam, Ambattur",,Chennai,,600053,13.132032,80.167437,http://www.sttelemediagdc.com,7,1,0,,,,,,,2025-09-26 00:00:00,
6780,ST Telemedia Global Data Centres (STT GDC),STT Kolkata 1,,"TCL,VSB,Ultadanga, 1/18, CIT SCHME, VII M",,Kolkata,,700054,22.588218,88.392964,http://www.sttelemediagdc.com,57,5,1,,,,,,,2025-09-26 00:00:00,
6781,ST Telemedia Global Data Centres (STT GDC),STT Hyderabad 1,,"Videsh Sanchar Bhavan, CFC-1, Software Units Layout",,Hyderabad,,500081,17.441478,78.377811,http://www.sttelemediagdc.com,24,4,1,,,,,,,2025-09-26 00:00:00,
6782,ST Telemedia Global Data Centres (STT GDC),STT Bangalore 1,,"#18, 19 & 20, EPIP Layout, KIADB, Whitefield",,Bangalore,,560066,12.98123,77.725643,http://www.sttelemediagdc.com,9,1,1,,,,,,,2025-09-26 00:00:00,
6783,ST Telemedia Global Data Centres (STT GDC),STT Bangalore 2,,"No.2, KEB Layout, Sanjaynagar Main Road, Geddalahall",,Bangalore,,560094,,,http://www.sttelemediagdc.com,2,0,0,,,,,,,2025-09-26 00:00:00,
6784,ST Telemedia Global Data Centres (STT GDC),STT Ahmedabad 1,,"Gujarat International Finance Tech City, (GIFT CITY), Gandhnagar , Gujarat",,Ahmedabad,,382355,,,http://www.sttelemediagdc.com,7,0,0,,,,,,,2025-09-26 00:00:00,
6785,ST Telemedia Global Data Centres (STT GDC),STT Delhi 1,,"Broadband Tower, Opp. Savitri Cinema Flyover, Greater Kailash-I",,Delhi,,110084,28.5414,77.237609,http://www.sttelemediagdc.com,25,2,2,,,,,,,2025-09-26 00:00:00,
6786,ST Telemedia Global Data Centres (STT GDC),STT Delhi 2,,"NextGen Tower, Opp. Savitri Cinema Flyover, Greater Kailash-I",,Delhi,,110084,28.541514,77.240201,http://www.sttelemediagdc.com,41,5,1,,,,,,,2025-09-26 00:00:00,
6787,ST Telemedia Global Data Centres (STT GDC),STT Delhi 3,,"Videsh Sanchar Bhavan, Bangla Sahib Road",,Delhi,,110001,28.629954,77.208372,http://www.sttelemediagdc.com,20,4,0,,,,,,,2025-09-26 00:00:00,
6788,ST Telemedia Global Data Centres (STT GDC),STT Mumbai 1,,"Technopolis Knowledge Park, Mahakali Caves Road, Chakala",,Mumbai,,400093,19.116312,72.862963,http://www.sttelemediagdc.com,2,0,0,,,,,,,2025-09-26 00:00:00,
6789,ST Telemedia Global Data Centres (STT GDC),STT Mumbai 2,,"Lokmanya Videsh Sanchar Bhavan, Kashinath Dhuru Marg, OPP. Kirti College, Prahadevi",,Mumbai,,400028,19.021325,72.831062,http://www.sttelemediagdc.com,27,4,0,,,,,,,2025-09-26 00:00:00,
6790,ST Telemedia Global Data Centres (STT GDC),STT Mumbai 3,,"Plot no. C21 & C36, G Block, Bandra Kurla Complex, MMRDA",,Mumbai,,400098,,,http://www.sttelemediagdc.com,5,0,0,,,,,,,2025-09-26 00:00:00,
6888,Pi Datacenters Pvt. Ltd.,Pi Datacenters Amaravati,,"Survey # 49/P, Plot no 12","IT Park, Mangalagiri, Guntur (Dist.)",Amaravati,Andhra Pradesh,522503,16.421067,80.55841,https://pidatacenters.com,4,1,0,,,,,,,2025-09-26 00:00:00,
7363,Airgenie Communications Private Limited,Airgenie Communications Pondicherry,,"Door No.1, 3rd Cross St, Elango Nagar",,Pondicherry,Puducherry,605011,11.939329,79.823702,http://www.airgenie.co.in,1,0,0,,,,,,,2025-09-26 00:00:00,
7377,"Equinix, Inc.",Equinix MB2 - Mumbai (GPX Mumbai 2),GPX Mumbai 2,"Plot 37, Chandivali Farm Road, Andheri East",,Mumbai,Maharashtra,400072,19.109353,72.901441,https://www.equinix.com,58,6,3,,,,,,,2025-09-26 00:00:00,
7650,Vimitel Network Pvt Ltd,VIMITEL VIJAYPUX DC,,"M CTS No - 833 / 2, Goda Bolemala, meenaxi chow Opp Sunil Pharma","CSD - 2, BIJAPUR Bijapur KA",BIJAPUR,KARNATAKA,586101,16.827797,75.71191,http://www.vimitel.com,1,0,0,,,,,,,2025-09-26 00:00:00,
7866,Sify Technologies Limited,Sify-DLF-Kolkata,,"DLF IT Park, Floor 2 Salt Lake City",,Kolkata,West Bengal,700156,22.582097,88.449542,http://ams-ix.in,12,1,0,,,,,,,2025-09-26 00:00:00,
7887,Web Werks DataCenter Pvt. Ltd.,Web Werks NCR 2,AS133296,D 239 Near Danik Jagran,Sector 63,Noida,Uttar Pradesh,201301,28.626683,77.383239,http://www.webwerks.in,21,2,0,,,peering@webwerks.com,,,,2026-08-05 00:00:00,
7988,NTTCINS,Netmagic Bangalore DC02,,"Plot 88/A, S V R Platinum, Adjacent to K S S IDC Complex,","Electronic City, Phase 1",Bangalore,Karnataka,560100,12.839551,77.662274,https://services.global.ntt/en-us/,11,2,0,,,,,,,2025-09-26 00:00:00,
7989,NTTCINS,Netmagic Bangalore DC03,,"Survey No. 146, Kajisonnenehali Village, Bidrahalli,","Hubli, Bangalore East Taluk",Bangalore,Karnataka,560067,13.038333,77.757878,https://services.global.ntt/en-us/,6,1,0,,,,,,,2025-09-26 00:00:00,
9123,Sify Technologies Limited,Sify Global Delivery Center (Hyderabad),,Survey No 115,Financial District,Nanakaramguda,Telangana,500089,17.418749,78.341596,https://www.sifytechnologies.com/,15,3,0,,,,,,,2025-09-26 00:00:00,
9543,Myguru Online India Pvt Ltd,Myguru Vijayawada,,"1st Floor, Plot No: 105&106, 3/4 5th Cross",,Vijayawada,Andhra Pradesh,520007,16.506155,80.67782,http://myguruonline.net,0,0,0,accts@myguruonline.net,+919959857776,networks@myguruonline.net,+919100080100,,,2025-09-26 00:00:00,
9625,HostPalace (INDIA),HostPalace Sarjapur DC (Bengaluru),HOSTPALACE,42 Address One,"Near to Infosys HQ, Next to 42 Queens Square Luxury Villas",Sarjapura,Bengaluru,562125,12.852482,77.783313,https://host-palace.com/,1,0,0,,,,,,,2025-09-26 00:00:00,
9628,Deenet Services Pvt Ltd,DeeNet Data Center Mangalore,Deenet Services Pvt Ltd,"2-64/18(4) DEVENDRA BUILDING,",ADU MAROLI MARIKAMBHA TEMPLE ROAD KULSHEKAR POST,Mangalore,KARNATAKA,575005,12.88367,74.875685,https://www.deenetservices.net,9,0,0,sandesh@deenet.net,+919611226466,noc@deenet.net,+919611226466,,,2026-05-05 00:00:00,Peering with route servers at IXPs but only accept IRR and RPKI-valid prefixes for security reasons. Also implemented Mutually Agreed Norms for Routing Security (MANRS).
9724,CtrlS Datacenters Ltd,CtrlS Hyderabad DC2,,"Financial District, Nanakaramguda",,Hyderabad,Telangana,500032,17.436221,78.364587,https://www.ctrls.com/datacenter-hyderabad/,8,0,2,,,,,Owner,,2025-09-26 00:00:00,"Hyderabad DC 2 | No of Racks 720 | Built Up Area 82,262 Sq.ft | Power Capacity 7.4 MW | Security Level Nine Zone"
9725,CtrlS Datacenters Ltd,CtrlS Mumbai DC2,,"TTC Industrial Area, South Central Road, MIDC Industrial Area, Mahape",,Mumbai,Maharashtra,400710,19.108213,73.023588,https://www.ctrls.in/data-center-services.php,16,2,2,,,,,,,2025-09-26 00:00:00,"Mumbai DC1 & DC2 | No of Racks: 5,555 | Rated-4 Facility | Area: 3,94,177sq.ft. | Power Capacity: 42 MW | Security Level: Nine Zone"
9726,CtrlS Datacenters Ltd,CtrlS Mumbai DC3,,"DNA Rd, Electronic Zone, MIDC Industrial Area, Mahape, Navi Mumbai,",Navi Mumbai,Mumbai,Maharashtra,400705,19.109778,73.024444,https://www.ctrls.in/data-center-services.php,6,1,1,,,,,,,2025-09-26 00:00:00,"CtrlS Mumbai DC3 | No of Racks: 1,045 | Rated-4 Facility | Area: 1,46,000 sq. ft. | Power Capacity: 8 MW | Security Level: Nine Zone"
9735,CtrlS Datacenters Ltd,CtrlS Hyderabad DC3,,"Financial District, Nanakaramguda",,Hyderabad,Telangana,500032,17.436221,78.364587,https://www.ctrls.com/datacenter-hyderabad/,4,1,1,,,,,,,2025-09-26 00:00:00,"Hyderabad DC 3 | No of Racks 3500 | Built Up Area 1,30,000 Sq.ft | Power Capacity 13 MW | Security Level Eight Zone"
9868,NTTCINS,Netmagic Chandivali - MUM DC06,,Light Hall D Wing Hiranandani Business Park,Saki Vihar Road Chandivali Andheri East,Mumbai,Maharashtra,400072,19.114685,72.890391,https://services.global.ntt/en-us/,6,1,0,,,,,,,2025-09-26 00:00:00,
9869,NTTCINS,Netmagic Chandivali - MUM DC07,,Light Hall E Wing Hiranandani Business Park,Saki Vihar Road Chandivali Andheri East,Mumbai,Maharashtra,400072,19.114685,72.890391,https://services.global.ntt/en-us/,8,1,0,,,,,,,2025-09-26 00:00:00,
10552,Yotta Data Services Private Limited,YOTTA NM1,,Yotta Datacenter,"Hiranandani Fortune City - Panvel Survey No. 30,","Panvel, Raigad,",,410206,18.996228,73.11336,http://www.yotta.com,21,2,0,marketing@yotta.com,+912268689000,ops.network@yotta.com,+9118002096882,,,2025-09-26 00:00:00,
10728,RackBank Datacenters Private Ltd,Rackbank DC Central India,Rackbank DC,"First Floor, Building 1, SEZ","Crystal IT Park, Ring Road",Indore,Madhya Pradesh,452016,22.685824,75.872266,https://www.rackbank.com/colocation-india.php,1,0,0,radhe@rackbank.com,+916262016363,noc@rackbank.com,+919993123012,,,2025-09-26 00:00:00,
11399,FIBMESH IN LIMITED,FIBMESH EDGE DC - JMU 01,,"GF, SIDCO COMMERCIAL COMPLEX","EPIP KARTHOLI, BARI BRAHMANA",JAMMU,JAMMU AND KASHMIR,181133,32.642222,74.941389,https://www.fibmesh.com,2,0,0,,,admin.net_fm.in@fibmesh.com,,,,2025-09-26 00:00:00,
11403,Inic Communications Pvt. Ltd.,"Insta-DC, Bhilai",INSTANET,"Nehru Nagar, Bhilai",,Bhilai,Chhattisgarh,490020,21.206439,81.329452,https://instalinks.in,2,1,0,info@instalinks.in,+917884006666,info@instalinks.in,+919009085666,Lessee,,2025-09-26 00:00:00,
11442,Extreme Infocom Pvt. Ltd.,Extreme Gurgaon,,"The Pavillion Court, Anamika Enclave",Sector 14,Gurugram,Haryana,122022,28.468586,77.038164,http://www.extreme-ix.org,3,1,0,sales@x3me.net,,support@x3me.net,,,,2025-09-26 00:00:00,
11444,Extreme Infocom Pvt. Ltd.,Extreme Janakpuri,,Janakpuri District Center,,New Delhi,Delhi,110058,28.629393,77.081353,http://www.extreme-ix.org,3,1,0,sales@x3me.net,,support@x3me.net,,,,2025-09-26 00:00:00,
11445,Extreme Infocom Pvt. Ltd.,Extreme Thane,,"Dev Corpora, Cadbury Junction",Eastern Express Highway,Thane,Maharashtra,400601,19.203306,72.969051,http://www.extreme-ix.org,6,1,0,sales@x3me.net,,support@x3me.net,,,,2025-09-26 00:00:00,
11446,Extreme Infocom Pvt. Ltd.,Extreme Kalyan,,Chatrapati Shivaji Maharaj Chowk,,Kalyan,Maharashtra,421301,19.240091,73.12922,http://www.extreme-ix.org,4,1,0,sales@x3me.net,,support@x3me.net,,,,2025-09-26 00:00:00,
11766,National Internet Exchange of India,NIXI Dehradun,,"STPI(Software technology park of India), Near Vikas Bhawan Building",2 Survey Chowk,Dehradun,Uttrakhand,248001,30.32434,78.050387,https://ix.nixi.in/en/running-noc/Dehradun,2,0,0,,,ixsupport@irinn.in,+911148202001,,,2025-09-26 00:00:00,
11768,National Internet Exchange of India,NIXI Kanpur,,"STPI(Software Technology park of India)-  UPSIDC Complex, A-1/4",Lakhanpur,Kanpur,Uttar Pradesh,208024,26.49773,80.277952,https://ix.nixi.in/en/running-noc/Kanpur,3,0,0,,,ixsupport@irinn.in,+911148202001,,,2025-09-26 00:00:00,
11769,National Internet Exchange of India,NIXI Lucknow,,"Ctrls Datacenters Ltd, Unit No: 508& 509, 5th Floor Urbanac Business Park,A-1,",,Lucknow,,226010,26.867327,81.012758,https://ix.nixi.in/en/running-noc/lucknow,3,0,0,,,ixsupport@irinn.in,+911148202001,,,2025-09-26 00:00:00,
12295,BASIS Technologies,BASIS DC Kolkata,,"Moni Bhandar, Webel Bhaban","Salt Lake, Sector V, Block EP&GP",Kolkata,West Bengal,700091,22.569577,88.436278,https://basistech.in/co-location-service/,4,1,0,info@basistech.in,+919831181998,support@basistech.in,+919051624466,,,2025-09-26 00:00:00,
12447,CtrlS Datacenters Ltd,CtrlS Lucknow DC1,,"5th Floor, Urbanac Business Park,",,Lucknow,Uttar Pradesh,226010,26.867327,81.012758,https://www.ctrls.in/data-center-services.php,17,1,1,edge@ctrls.in,+919154745794,vivin.varghese@ctrls.in,+919154745794,,,2025-09-26 00:00:00,
12580,CtrlS Datacenters Ltd,CtrlS Patna DC1,,"Plot No 18, Patliputra Industrial Area",,Patna,Bihar,800013,25.63345,85.10596,https://www.ctrls.in/data-center-services.php,20,1,1,edge@ctrls.in,+919154745794,vivin.varghese@ctrls.in,+919154745794,,,2026-04-06 00:00:00,
12703,National Internet Exchange of India,NIXI Gorakhpur,,"ONE OTT, Cinema road, RKDK Building, Phase-2,","Shahi Market, Gorakhpur, , 273001",Gorakhpur,,273001,26.755813,83.370172,https://ix.nixi.in/en/running-noc/Gorakhpur,0,0,0,,,ixsupport@irinn.in,+911148202001,,,2025-09-26 00:00:00,
12715,National Internet Exchange of India,NIXI Burdwan,,"Burdwan Railway Station Railtel O.F.C. HUT, Burdwan,","Burdwan, West Bengal",Burdwan,West Bengal,713101,23.249819,87.86958,https://ix.nixi.in/en/running-noc/burdwan,2,0,0,,,ixsupport@irinn.in,+911148202001,,,2025-09-26 00:00:00,
12716,National Internet Exchange of India,NIXI Durgapur,,"STPI Durgapur- Address: G89W+78Q, Sahid Sukumar Banerjee Sarani,","Opp to Spencers, Bidhannagar, Durgapur, West Bengal 713212",Durgapur,West Bengal,713212,23.518222,87.345851,https://ix.nixi.in/en/running-noc/durgapur,0,0,0,,,ixsupport@irinn.in,+911148202001,,,2025-09-26 00:00:00,
12717,National Internet Exchange of India,NIXI Baroda,,"Ishan Netsol Pvt Ltd - 802-Sterling Centre, R.C Dutt Road,","Alkapuri, Baroda - 390007",Baroda,Gujarat,390007,22.31036,73.17325,https://ix.nixi.in/en/running-noc/baroda,2,0,0,,,ixsupport@irinn.in,+911148202001,,,2025-09-26 00:00:00,
12723,National Internet Exchange of India,NIXI Gurgaon,,"30, Phase IV, Udyog Vihar, Sector 18,","Gurugram, Haryana 122022",Gurugram,Haryana,122022,28.494032,77.081243,https://ix.nixi.in/en/noc-locations,1,0,0,,,ixsupport@irinn.in,+911148202001,,,2025-09-26 00:00:00,
12733,National Internet Exchange of India,NIXI Indore,,"MPSEDC, STPI Building, Electronic Complex, Atmaram Choudhary Marg, Near Readymade Complex,","Pardesipura, Indore, Madhya Pradesh 452010",Indore,,452010,22.752445,75.86528,https://ix.nixi.in/en/noc-locations,8,1,0,,,ixsupport@irinn.in,+911148202001,,,2025-09-26 00:00:00,
12734,National Internet Exchange of India,NIXI Bhopal,,"STPI, Plot No C-11, IT Park, Near RGPV, New Jail Rd,","Gandhi Nagar, Bhopal, Madhya Pradesh 462038",Bhopal,,462038,23.301266,77.361843,https://ix.nixi.in/en/noc-locations,2,1,0,,,ixsupport@irinn.in,+911148202001,,,2025-09-26 00:00:00,
12741,National Internet Exchange of India,NIXI Ahmedabad,,"NIXI C/O GNFC, Code Solutions -A Division of GNFC Limited 301, GNFC Info Tower, Nr. Grand Bhagwati,","S G Highway , Bodakdev, Ahmedabad - 380054 Gujarat India.",Ahmedabad,,380054,23.041238,72.51403,https://ix.nixi.in/en/running-noc/ahmedabad,3,1,0,,,ixsupport@irinn.in,+911148202001,,,2025-09-26 00:00:00,
12742,National Internet Exchange of India,NIXI Guwahati,,"NIXI C/O AMTRON, Assam Electronics Development Corporation Ltd. Industrial Estate,","Bamunimaidan, Guwahati-21, Assam",Guwahati,,781001,26.185805,91.786092,https://ix.nixi.in/en/running-noc/guwahati,3,1,0,,,ixsupport@irinn.in,+911148202001,,,2025-09-26 00:00:00,
12743,National Internet Exchange of India,NIXI Hyderabad,,"NIXI C/O CtrlS Datacenters Ltd,16 Software Units Layout,","Madhapur (Hitech-City),Hyderabad - 500081, Telangana",Hyderabad,Telangana,500081,,,https://ix.nixi.in/en/running-noc/hyderabad,4,0,0,,,ixsupport@irinn.in,+911148202001,,,2025-09-26 00:00:00,
12744,National Internet Exchange of India,NIXI Kolkata,,"NIXI C/O, STT, 1, Videsh Sanchar Bhavan, 18, CIT Rd,","Ultadanga, Kolkata, West Bengal 700054",Kolkata,,700054,22.588914,88.392604,https://ix.nixi.in/en/running-noc/kolkata,3,0,0,,,ixsupport@irinn.in,+911148202001,,,2025-09-26 00:00:00,
12750,National Internet Exchange of India,NIXI Mumbai GPX,,"NIXI C/o Equinix Data center (GPX-1)., Unit A - 001, Boomerang, Chandivali Farm Road,","Near Oberoi Garden, Andheri East, Mumbai - 400072",Mumbai,Maharashtra,400072,19.121328,72.897744,https://ix.nixi.in/en/running-noc/mumbai2,10,0,0,,,ixsupport@irinn.in,+911148202001,,,2025-09-26 00:00:00,
12751,National Internet Exchange of India,NIXI Mumbai SIFY,,"NIXI C/o Sify Technologies:Tower No.2, 5th Floor, International Infotech Park",,Mumbai,Maharashtra,400703,19.063309,72.998648,https://ix.nixi.in/en/running-noc/mumbai1,3,0,0,,,ixsupport@irinn.in,+911148202001,,,2025-09-26 00:00:00,
12752,National Internet Exchange of India,NIXI Panaji,,"STPI DC, 2nd Floor, Udyog Bhawan, Panaji, Goa-403001",,Panaji,,403001,15.500517,73.825736,https://ix.nixi.in/en/noc-locations,1,1,0,,,ixsupport@irinn.in,+911148202001,,,2025-09-26 00:00:00,
12769,National Internet Exchange of India,NIXI Chennai STT,,"NIXI C/O. STT, Videsh Sanchar Bhavan, No.4 ,","Swami Sivananda Salai Chennai, Tamil Nadu 600002",Chennai,Tamil Nadu,600002,13.069292,80.278493,https://ix.nixi.in/en/running-noc/chennai(2),3,0,0,,,ixsupport@irinn.in,+911148202001,,,2025-09-26 00:00:00,
12770,National Internet Exchange of India,NIXI Noida Netmagic,,"NIXI C/O, Netmagic IT Services Private Limited Building H - 223,","Sector 63 Near Ginger Hotel Noida, Uttar Pradesh - 201301",Noida,Uttar Pradesh,201301,28.620251,77.381149,https://ix.nixi.in/en/running-noc/delhi-noida,3,0,0,,,ixsupport@irinn.in,+911148202001,,,2025-09-26 00:00:00,
12771,National Internet Exchange of India,NIXI Delhi STT,,"NIXI C/O, STT, IDC Building, Block E, Greater Kailash I,","Greater Kailash New Delhi, Delhi 110048",Delhi,Delhi,110048,,,https://ix.nixi.in/en/running-noc/delhi,4,0,0,,,ixsupport@irinn.in,+911148202001,,,2025-09-26 00:00:00,
12793,National Internet Exchange of India,NIXI Patna,,"CTRLS- 6th floor, Plot no:-18,  Patliputra Industrial Area,",,Patna,Bihar,800013,25.628102,85.110078,https://ix.nixi.in/en/noc-locations,9,0,0,,,ixsupport@irinn.in,+911148202001,,,2025-09-26 00:00:00,
12824,Sai Sri Technologies (OPC) Private Limited,MyGuru Online Guntur,,Mangalagiri,,Guntur,Andhra Pradesh,522503,,,http://myguruonline.net,0,0,0,,,,,,,2025-09-26 00:00:00,
12927,Ishan Netsol Pvt Ltd,Ishan Technologies Baroda,,"802-Sterling Centre, R.C Dutt Road,",Alkapuri,Baroda,Gujarat,390007,22.31034,73.173267,https://ishantechnologies.com/data-center-services,1,1,0,,,,,,,2025-09-26 00:00:00,
13107,National Internet Exchange of India,NIXI Coimbatore,,"ISHAN Netsol Classic Towers, 104, 5th floor, 1547, Trichy road,",,Coimbatore,Tamil Nadu,641018,10.996028,76.97974,https://ix.nixi.in/en/running-noc/Coimbatore,0,1,0,,,,,,,2025-09-26 00:00:00,
13114,National Internet Exchange of India,NIXI Raipur,,"ISHAN-DC, 6th Floor, office no - 1, Ashoka Millennium, Ring Road no-1,",,Raipur,Chhattisgarh,492001,,,https://ix.nixi.in/en/running-noc/Raipur,2,1,0,,,,,,,2025-09-26 00:00:00,
13124,Princeton Digital Group,MU1,PDG,"Gigaplex IT Park, MIDC,","Airoli Knowledge Park Rd, TTC Industrial Area",Mumbai,Maharashtra,400708,19.172883,72.994749,https://princetondg.com/locations/india/#mu1,1,0,0,peeringdb@princetondg.com,,peeringdb@princetondg.com,,,,2026-05-13 00:00:00,
13131,Ishan Netsol Pvt Ltd,Ishan Technologies Surat,,"330 & 331, 3rd Floor, International Trade Centre, Majura Gate, Surat, Gujarat 395001",,Surat,Gujarat,395001,21.181279,72.819144,https://ishantechnologies.com/data-center-services,2,1,0,,,,,,,2025-09-26 00:00:00,
13132,Ishan Netsol Pvt Ltd,Ishan Technologies Mumbai Edge DC,,"310,3rd Floor, B2 wing,",,Mumbai,Maharashtra,400072,19.113774,72.892768,https://ishantechnologies.com/data-center-services,5,0,0,,,,,,,2025-09-26 00:00:00,
13133,Ishan Netsol Pvt Ltd,Ishan Technologies Rajkot,,"406 & 407 Shivam Complex, Opp. Jagnath Temple,","Sarveshwar Chowk, Dr. Yagnik Road",Rajkot,Gujarat,360001,22.293421,70.790579,https://ishantechnologies.com/data-center-services,1,1,0,,,,,,,2025-09-26 00:00:00,
13135,Ishan Netsol Pvt Ltd,Ishan Technologies Noida,,"402, 4th Floor, Ocean Complex,",,Noida,UP,201301,28.569332,77.325629,https://ishantechnologies.com/data-center-services,1,0,0,,,,,,,2025-09-26 00:00:00,
13136,Ishan Netsol Pvt Ltd,Ishan Technologies Kolkata,,"603,6th Floor,DN -21,",,Kolkata,West Bengal,700091,22.575819,88.4332,https://ishantechnologies.com/data-center-services,1,0,0,,,,,,,2025-09-26 00:00:00,
13137,Ishan Netsol Pvt Ltd,Ishan Technologies Bengaluru,,"408, Brigade Tower,","Brigade Road, Ashok Nagar",Bangalore,Karnataka,560025,12.967268,77.606149,https://ishantechnologies.com/data-center-services,1,0,0,,,,,,,2026-07-22 00:00:00,
13138,Ishan Netsol Pvt Ltd,Ishan Technologies Ahmedabad,,"B-503 Shapath Hexa,","Opp. Gujarat Highcourt, Nr. Ganesh Maridian,",Ahmedabad,Gujarat,380060,23.074645,72.525576,https://ishantechnologies.com/data-center-services,2,2,0,,,,,,,2025-09-26 00:00:00,
13146,Ishan Netsol Pvt Ltd,Ishan Technologies Nashik,,"A-204 The Hub, Parijat Nagar Chowk","Opp. Shete Hospital, Mahatma Nagar,",Nashik,Maharashtra,422005,20.002902,73.754627,https://ishantechnologies.com/data-center-services,1,1,0,,,,,,,2025-09-26 00:00:00,
13147,Ishan Netsol Pvt Ltd,Ishan Technologies Nagpur,,"A-704 Lokmat Bhavan,",,Nagpur,Maharashtra,440012,21.142105,79.085532,https://ishantechnologies.com/data-center-services,1,1,0,,,,,,,2025-09-26 00:00:00,
13149,Ishan Netsol Pvt Ltd,Ishan Technologies Raipur,,"Office No. - 1 6th Floor, Ashoka Millennium,",,Raipur,Chhattisgarh,492001,21.225554,81.656264,https://ishantechnologies.com/data-center-services,2,1,0,,,,,,,2025-09-26 00:00:00,
13150,Ishan Netsol Pvt Ltd,Ishan Technologies Jabalpur,,"3rd Floor Shree Ram Tower, Ekta Chowk,",,Jabalpur,Madhya Pradesh,482002,23.182624,79.909205,https://ishantechnologies.com/data-center-services,1,1,0,,,,,,,2025-09-26 00:00:00,
13151,Ishan Netsol Pvt Ltd,Ishan Technologies Cuttack,,"1st Floor, Plot No-741/2309, KB Complex,",,Cuttack,Odisha,753003,20.466632,85.896562,https://ishantechnologies.com/data-center-services,1,2,0,,,,,,,2025-09-26 00:00:00,
13152,Ishan Netsol Pvt Ltd,Ishan Technologies Coimbatore,,"104, 5th floor, CLASSIC TOWERS,",,Coimbatore,Tamil Nadu,641018,10.99461,76.971552,https://ishantechnologies.com/data-center-services,1,0,0,,,,,,,2025-09-26 00:00:00,
13160,CJONLINE ISP India,CJ Online Ghaziabad,,C-109 Industrial Area Bsr Road,,Ghaziabad,Uttar Pradesh,201009,28.659428,77.469861,http://www.cjnet4u.com,0,0,0,,,,,,,2025-09-26 00:00:00,
13368,AdaniConneX,AdaniConneX Chennai 1,,"H 15, Second Main Road SIPCOT",Siruseri,Chennai,,603103,12.826015,80.219345,https://www.adaniconnex.com/data-centers/chennai,2,2,0,adaniconnex@adani.com,+917926565555,noc.maa@adani.com,+916358934925,,,2025-09-26 00:00:00,"Strategically located in SIPCOT IT Park, first-of-its-kind multi-tenant purpose-built facility with access to a global network of data centers and other Indian metro markets."
13373,INFYNIX DATA SERVICES PRIVATE LIMITED,Infynix Bengaluru,,Raheja Towers,,Bangalore,karnataka,560001,12.973163,77.613867,http://www.infynix.in/datacenter.php,0,0,0,rrb.sarma@infynix.in,+919700005991,noc@infynix.in,+918046883902,,,2025-09-26 00:00:00,
13413,Web Werks DataCenter Pvt. Ltd.,Web Werks Bangalore 1,,564 Pattandura Agrahara Main Road Whitefield,,Bangalore,Karnataka,560048,12.963937,77.733138,http://www.webwerks.in,2,0,0,,,,,,,2025-09-26 00:00:00,
13460,Nxtra Data Ltd,Nxtra Data Chennai DC 2,,"A32& A33,3rd cross street, First Cross Road, Siruseri",SIPCOT IT Park,Chennai,Tamil Nadu,603103,12.826015,80.219345,https://www.nxtra.in,7,2,0,business@nxtra.in,,gp.singh@nxtra.in,+919717745802,Owner,480 VAC,2026-03-24 00:00:00,"38 MW LEED certified facility spread over 270,000 sq.ft.; hyperscale park fully integrated with Airtel's global submarine cable network."
13506,Nxtra Data Ltd,Nxtra Data Noida DC 1,,"Plot no 14 , Block A Sctor 62 , Industrial Area",,Noida,Uttar Pradesh,201309,28.628056,77.372389,https://www.nxtra.in/,4,1,0,business@nxtra.in,,gp.singh@nxtra.in,+919717745802,,480 VAC,2026-03-31 00:00:00,
13531,Web Werks DataCenter Pvt. Ltd.,Web Werks Mumbai 2,,"R-201, Sector 8,","MIDC Industrial Area, Rabale,","Navi Mumbai,",Maharashtra,400701,,,https://www.webwerks.in/mumbai-data-center-2,4,1,0,,,,,,,2025-09-26 00:00:00,
13532,Web Werks DataCenter Pvt. Ltd.,Web Werks Hyderabad,,Survey no. 185,Kondapur village,"Serilingampally,Hyderabad",Telangana,500084,17.461865,78.343068,https://www.webwerks.in/hyderabad-data-center,3,0,0,,,,,,,2025-09-26 00:00:00,
13537,Sify Technologies Limited,SIFY Bhubaneswar,,Keshari Commercial Complex,"Unit 3, Kharavela Nagar",Bhubaneswar,,751001,20.272076,85.833282,http://datacentre.sify.com/,1,1,0,,,,,,,2025-09-26 00:00:00,
13538,Sify Technologies Limited,SIFY COCHIN,,"Infopark,Thapasya, Kusumagiri",Kakkanad,Cochin,Kerala,682030,,,https://www.sifytechnologies.com/,2,1,0,,,,,,,2025-09-26 00:00:00,
13539,Sify Technologies Limited,SIFY Chandigarh,,"B4 Sector 57, Sahibzada Ajit Singh Nagar, Mohali",,Chandigarh,,160055,30.726978,76.709914,https://www.sifytechnologies.com/,2,1,0,,,,,,,2026-07-07 00:00:00,
13540,Sify Technologies Limited,SIFY Visakhapatnam,,"City Plaza, Dabagardens,Allipuram Ward,","Block No.41, TS No.1542 Door No.30-15-158",Vishakhapatam,Hyderabad,530001,,,https://www.sifytechnologies.com/,0,1,0,,,,,,,2025-09-26 00:00:00,
13541,Sify Technologies Limited,SIFY Trivandrum,,"3rd Floor,Karimpanal Statue Avenue",,Thiruvananthapuram,Kerala,695001,8.498169,76.948057,https://www.sifytechnologies.com/,0,1,0,,,,,,,2025-09-26 00:00:00,
13542,Sify Technologies Limited,SIFY Ludhiana,,"SCO 37, 3rd floor,Feroze Gandhi Market",,Ludhiana,Punjab,141001,30.901902,75.833388,https://www.sifytechnologies.com/,0,1,0,,,,,,,2025-09-26 00:00:00,
13543,Sify Technologies Limited,SIFY Ranchi,,"Green Field Centrium,5th Floor,Main Road",,Ranchi,Jharkhand,834001,23.351496,85.324759,https://www.sifytechnologies.com/,0,1,0,,,,,,,2025-09-26 00:00:00,
13544,Sify Technologies Limited,SIFY Jalandhar,,"Nirmal Complex, EH 198,Civil Lines","GT Road,Jalandhar",Jalandhar,Punjab,144001,31.320923,75.58285,https://www.sifytechnologies.com/,0,0,0,,,,,,,2025-09-26 00:00:00,
13545,Sify Technologies Limited,SIFY CVR Chambers Vijayawada,,"D:No 40-2-5A,5th Floor,CVR Chambers",,Vijaywada,Andhra Pradesh,520010,16.502014,80.6436,https://www.sifytechnologies.com/,1,0,0,,,,,,,2025-09-26 00:00:00,
13546,Sify Technologies Limited,SIFY Siliguri,,"160/1030, 2nd Floor,Haren Mukherjee Road",,Siliguri,West Bengal,734001,,,https://www.sifytechnologies.com/,1,1,0,,,,,,,2025-09-26 00:00:00,
13547,Sify Technologies Limited,SIFY Amritsar,,"SCF 50, KABIR PARK,OPPOSITE GNDU",,AMRITSAR,PUNJAB,143001,,,https://www.sifytechnologies.com/,0,0,0,,,,,,,2025-09-26 00:00:00,
13548,Sify Technologies Limited,SIFY GP BUILDING Madurai,,"30,Kamala 2nd St ,G P Building",Chinnachokkikulam,Madurai,Tamil Nadu,625002,9.936466,78.131783,https://www.sifytechnologies.com/,1,0,0,,,,,,,2025-09-26 00:00:00,
13549,Sify Technologies Limited,SIFY Salem,,"66,5th floor,Fort Main Road",,SALEM,TAMIL NADU,636002,,,https://www.sifytechnologies.com/,4,1,0,,,,,,,2025-09-26 00:00:00,
13553,Iron Mountain Data Centers,Iron Mountain Data Center - Bangalore (BLR-1),,564 Pattandur Agrahara Main Road Whitefield,,Bangalore,Karnataka,560048,12.963937,77.733138,https://www.ironmountain.com/data-centers/locations/bengaluru-data-center,1,0,0,datacenters@ironmountain.com,+18776543757,imdc.gnoc@ironmountain.com,+18334762656,Owner,,2025-09-26 00:00:00,
13554,Iron Mountain Data Centers,Iron Mountain Data Center - Hyderabad (HYD-1),,No. 185 Kondapur Village,Kondapur,Hyderabad,Telangana,500084,17.459932,78.355122,https://www.ironmountain.com/data-centers/locations/hyderabad-data-center,0,0,0,datacenters@ironmountain.com,+18776543757,imdc.gnoc@ironmountain.com,+18334762656,Owner,,2025-09-26 00:00:00,
13555,Iron Mountain Data Centers,Iron Mountain Data Center - Mumbai (MUM-1),,"9th Floor, Sigma IT Park, R-203, Sector-8",,Navi Mumbai,Maharashtra,400701,19.141169,73.008703,https://www.ironmountain.com/data-centers/locations/mumbai-data-center,5,1,0,datacenters@ironmountain.com,+18776543757,imdc.gnoc@ironmountain.com,+18334762656,Owner,,2025-09-26 00:00:00,
13556,Iron Mountain Data Centers,Iron Mountain Data Center - Mumbai (MUM-2),,"R-201, Sector-8, MIDC Industrial Area",Rabale,Navi Mumbai,Maharashtra,400701,19.140998,73.008196,https://www.ironmountain.com/data-centers/locations/mumbai-data-center,3,1,0,datacenters@ironmountain.com,+18776543757,imdc.gnoc@ironmountain.com,+18334762656,Owner,,2025-09-26 00:00:00,
13557,Iron Mountain Data Centers,Iron Mountain Data Center - Delhi (NCR-1),,"D-230, D Block, Sector 63",Near Danik Jagaran Rd,Noida,Uttar Pradesh,201301,28.627458,77.383923,https://www.ironmountain.com/data-centers/locations/delhi-ncr-data-center,1,0,0,datacenters@ironmountain.com,+18776543757,imdc.gnoc@ironmountain.com,+18334762656,Owner,,2025-09-26 00:00:00,
13558,Iron Mountain Data Centers,Iron Mountain Data Center - Pune (PUN-1),,"Plot No.9, Survey No. 235, 245","Phase 1,  Hinjewadi",Pune,Maharashtra,411057,18.592588,73.727651,https://www.ironmountain.com/data-centers/locations/pune-data-center,1,0,0,datacenters@ironmountain.com,+18776543757,imdc.gnoc@ironmountain.com,+18334762656,Owner,,2025-09-26 00:00:00,
13562,Sify Technologies Limited,SIFY Tuticorin,,"Ceeyem Building18 D, South Raja Street,Tuticorin-628001",,Tuticorin,Tamil Nadu,628001,,,http://www.sifycorp.com,1,1,0,,,,,,,2025-09-26 00:00:00,
13563,Sify Technologies Limited,Sify Bareilly,,"No 63 Civil Lines, Choupla,Bareilly-243002",,Bareilly,Uttar Pradesh,243002,28.354371,79.413517,http://www.sifycorp.com/,0,1,0,,,,,,,2025-09-26 00:00:00,
13647,NTTCINS,NTT NAV01 Mahape,,"Plot EL- 25, 'A' wing , Village Mahape, Trans Thane industrial area","Mahape Navi Mumbai,,District Thane",Navi Mumbai,Maharashtra,400710,19.171907,73.024247,https://services.global.ntt/en-us/services-and-products/global-data-centers/global-locations/india/navi-mumbai-data-center,3,2,0,,,,,,,2025-09-26 00:00:00,
13846,Yotta Data Services Private Limited,YOTTA D1,,Yotta Datacenter,"Plot No 7, Tusiana Village, Knowledge Park V, Greater Noida, Uttar Pradesh 201301",Greater Noida,Uttar Pradesh,201301,28.55235,77.48342,http://www.yotta.com,14,2,0,marketing@yotta.com,+912268689000,ops.network@yotta.com,+9118002096882,,,2025-09-26 00:00:00,
13870,Ishan Netsol Pvt Ltd,Ishan Technologies Thane,,"211,2nd floor, Swati Sagar co-op hsg Society, Majiwada Circle,",,Mumbai,Maharashtra,400606,19.191161,72.954374,https://ishantechnologies.com/data-center-services,1,0,0,,,,,,,2025-09-26 00:00:00,
13884,D-ATUM VILCOM PVT LTD,D-ATUM VILCOM,,"1-8-741,PRAKASH NAGAR",Begumpet,Hyderabad,,500016,17.440151,78.468844,http://www.dvpl.in,2,0,0,,,naresh@dvpl.in,+917799770594,,,2025-09-26 00:00:00,
13886,Ishan Netsol Pvt Ltd,Ishan Technologies Vasai,,Office no 25 1st floor Vrindavan Shopping,,Mumbai,Maharashtra,401208,19.400344,72.839838,https://ishantechnologies.com/data-center-services,2,0,0,,,,,,,2025-09-26 00:00:00,
13887,Ishan Netsol Pvt Ltd,Ishan Technologies Puri,,"Plot N0: 74 , 1st Floor, iota, Gundicha temple back side,",,Puri,Odisha,752002,19.815779,85.840574,https://ishantechnologies.com/data-center-services,1,0,0,,,,,,,2025-09-26 00:00:00,
13888,Ishan Netsol Pvt Ltd,Ishan Technologies Belgaum,,"Unique Tower,3rd Floor, no 2714/1 Next to Big Bazaar,",,Belgaum,Karnataka,590003,15.831347,74.503345,https://ishantechnologies.com/data-center-services,1,0,0,,,,,,,2025-09-26 00:00:00,
13896,Nxtra Data Ltd,Nxtra Data Hyderabad Edge DC1,,PLOT NO-3 & 3A,"IDA UPPAL, DEVENDER NAGAR COLONY, UPPAL MANDAL",Hyderabad,Telangana,500039,,,https://www.nxtra.in/,1,0,0,business@nxtra.in,,gp.singh@nxtra.in,+919717745802,,48 VDC,2026-03-24 00:00:00,
13908,Nxtra Data Ltd,Nxtra Data Bhubaneswar DC1,,"Plot No. E-13/1, 4th Floor, Industrial Estate, Chandaka Industrial Estate,",,Bhubaneswar,Odisha,751024,20.340792,85.805797,https://www.nxtra.in/,1,0,0,business@nxtra.in,,gp.singh@nxtra.in,+919717745802,,48 VDC,2026-03-31 00:00:00,
14111,Digital Connexion,Digital Connexion MAA10 Chennai (Ambattur),,MTH Road,Ambattur Industrial Estate,Chennai,Tamil Nadu,600058,13.1008,80.16404,https://digitalconnexion.com/india/maa10,5,1,2,info@digitalconnexion.com,+919819342220,customersuccessteam@digitalrealty.com,+912250020400,Owner,,2026-02-17 00:00:00,
14116,Extreme Infocom Pvt. Ltd.,Extreme RDC,,"13, Opposite BSNL Telephone Exchange Rajnagar Ghaziabad",,Ghaziabad,Uttar Pradesh,201001,28.675216,77.441273,https://extreme-ix.org/technical/services/,2,1,0,sales@x3me.net,,support@x3me.net,,,,2025-09-26 00:00:00,
14117,Extreme Infocom Pvt. Ltd.,Extreme Laxminagar,,"Aditya Tower,Laxminagar, near Nirman Metro Station, Delhi",,Delhi,Delhi,110092,28.639031,77.284699,https://extreme-ix.org/technical/services/,3,1,0,sales@x3me.net,,support@x3me.net,,,,2025-09-26 00:00:00,
14229,ESDS Software Solution Ltd.,ESDS Bengaluru,,"1st floor, No 76, 77 & 78(p), New STPI building, Cyber Park,",,Bangalore,Bengaluru,560 100,12.838728,77.663899,https://www.esds.co.in/data-center-at-bengaluru,1,0,0,getintouch@esds.co.in,+9118002093006,nocadmin@esds.co.in,+912536636500,,,2025-09-26 00:00:00,
14230,ESDS Software Solution Ltd.,ESDS Mohali,,"Phase-VIII-A, Plot No. C, 184, Industrial Area, Sector 75","Sahibzada Ajit Singh Nagar,",Mohali,Punjab,160071,,,https://www.esds.co.in/our-datacenter,1,0,0,getintouch@esds.co.in,+9118002093006,nocadmin@esds.co.in,,,,2025-09-26 00:00:00,
14254,ESDS Software Solution Ltd.,ESDS Airoli,,"No.201 & 202, A&B Wing, 2nd Floor,",,Airoli,Maharastra,400708,19.169975,73.001355,https://www.esds.co.in/data-center-at-airoli,0,0,0,getintouch@esds.co.in,+9118002093006,nocadmin@esds.co.in,+9118002093006,,,2025-09-26 00:00:00,
14354,CtrlS Datacenters Ltd,CtrlS Chennai DC1,,"20, 3rd Main Rd, Old Ambattur, Sai Nagar,",Ambattur Industrial Estate,Chennai,Tamil Nadu,600058,13.107271,80.163027,https://www.ctrls.in/data-center-services.php,7,0,0,,,,,Owner,,2025-09-26 00:00:00,
14355,CtrlS Datacenters Ltd,CtrlS Chennai DC2,,"20, 3rd Main Rd, Old Ambattur, Sai Nagar,","Ambattur Industrial Estate,",Chennai,Tamil Nadu,600058,13.107271,80.163027,https://www.ctrls.com/datacenter-chennai/,13,2,1,,,,,Owner,,2025-09-26 00:00:00,"Location: Ambattur, Chennai | Rated-4 Facility | Floors: Ground+10 | Capacity: 27 MW IT Load | Area: 2.9 Lakh sq.ft | Substation: Dedicated 230kV GIS substation | Security: 9 Zone Security"
14438,Bharat Datacenter,Bharat Datacenter D1,,Knowledge Park V,Greater Noida,Noida,Uttar Pradesh,201301,28.553441,77.483151,https://bharatdatacenter.com,3,0,0,sales@bharatdatacenter.com,+919053915151,info@bharatdatacenter.com,,Lessee,,2025-09-26 00:00:00,
14476,Nxtra Data Ltd,Nxtra Data Mumbai DC 1,,"14, M.I.D.C, Digha, Airoli (P.O), Thane - Belapur Road, Navi Mumbai,",,Mumbai,Maharashtra,400708,19.17619,73.00138,http://www.nxtradata.com,1,1,0,business@nxtra.in,,gp.singh@nxtra.in,+919717745802,,480 VAC,2026-03-31 00:00:00,
14558,NM PARIBAS PRIVATE LIMITED,Nirmal Mondal,,"Tower B1 Unit No 769 Spaze Itech Park, Sohna Road",,Gurgaon,Haryana,122018,28.413221,77.043499,http://www.nmparibas.com,0,0,0,sales@nmparibas.com,+919773639439,noc@nmparibas.com,+911244041000,Owner,,2025-09-26 00:00:00,
14756,Sphatik Network Private Limited,SPHATIK NETWORK PRIVATE LIMITED,,"203, shukun plaza, amarnagar road,",Nr saran pull,Jetpur,Gujarat,360370,,,http://www.sphatiknetwork.in,0,0,0,,,nodal@sphatiknetwork.in,+917211153331,,,2025-09-26 00:00:00,
14993,CtrlS Datacenters Ltd,CtrlS Kolkata DC1,,"Newtown, New Town,",,Kolkata,West Bengal,700157,22.614157,88.462613,https://ctrls.com/datacenter-kolkata/,29,2,1,marketing@ctrls.in,,,,Owner,,2025-09-26 00:00:00,Location: Kolkata Metropolitan Area | Rated 4 Facility | Floors: G+2+T | Capacity: 16 MW IT Load | Area: 0.44 lakh sq.ft | Security: 9 Zone security
15050,"Equinix, Inc.",Equinix MB4 - Mumbai,,"Plot 5, Thane Airoli Road",,Mumbai,Maharashtra,400708,19.180426,72.996005,https://www.equinix.com,4,0,0,,,,,,,2025-09-26 00:00:00,
15060,NTTCINS,NTT CNN2A,,"Plot no.:08, Chennai Tiruvallur High Rd","Sai Nagar, Ambattur Industrial Estate",Chennai,Tamil Nadu,600058,13.100416,80.165827,https://services.global.ntt/,0,0,0,,,,,,,2025-09-26 00:00:00,
15362,NTTCINS,Netmagic Chandivali - MUM DC09,,"Lighthall 'C' Wing, Hiranandani Business Park, Hiranandani Lighthall, Saki Vihar Rd,","Muranjan Wadi, Chandivali,Andheri East,",Mumbai,Maharashtra,400072,19.114468,72.890131,https://services.global.ntt/en-us/,2,1,0,,,,,,,2025-09-26 00:00:00,
15363,NTTCINS,NTT NAV02 Airoli,,"PLOT NO B-1 AND B-2 TRANS THANE CREEK INDUSTRIAL AREA VILLAGE DIGHE,",THANE DISTRICT,Navi Mumbai,Maharashtra,400708,19.103301,73.02522,https://services.global.ntt/en-us/services-and-products/global-data-centers/global-locations/india/mumbai-data-centers,0,0,0,,,,,,,2025-09-26 00:00:00,
15364,NTTCINS,NTT Noida DC2A,,"Plot no. 18, Tech Zone IV,",Amrapali Dream Valley,Greater Noida,Uttar Pradesh,201009,28.594001,77.43574,https://services.global.ntt/en-us/services-and-products/global-data-centers/global-locations/india/noida-2-data-center,4,2,0,,,,,,,2025-09-26 00:00:00,
15540,Nxtra Data Ltd,Nxtra Data Mumbai DC 3,,"Plot No. It-07, Ttc Industrial Area, Mahape",,Mumbai,"Maharashtra,",400710,19.100473,73.02043,http://www.nxtradata.com,4,2,0,business@nxtra.in,,gp.singh@nxtra.in,+919717745802,Owner,48 VDC; 400 VAC; 480 VAC,2026-03-31 00:00:00,[Nxtra by Airtel corporate profile - identical marketing text on all Nxtra records]
15546,CtrlS Datacenters Ltd,CtrlS Mumbai DC4,,"Electronic Zone, MIDC Industrial Area,","Mahape, Navi Mumbai",Mumbai,Maharashtra,400705,19.10898,73.024815,https://www.ctrls.com/datacenter-mumbai,5,0,0,,,,,Owner,48 VDC; 400 VAC; 480 VAC,2025-09-26 00:00:00,
15547,CtrlS Datacenters Ltd,CtrlS Mumbai DC5,,"Electronic Zone, MIDC Industrial Area,","Mahape, Navi Mumbai",Navi Mumbai,Maharashtra,400705,19.10892,73.024815,https://www.ctrls.com/datacenter-mumbai,4,0,1,,,,,,,2025-09-26 00:00:00,
15715,Ishan Netsol Pvt Ltd,Ishan Technologies Mumbai DC1,,"207,2nd Floor, A wing,",,"Mumbai,","Maharashtra,",400072,19.113556,72.892808,https://ishantechnologies.com/data-center-services,3,1,0,,+919726555550,dc.ops@ishantechnologies.com,+919726555550,,,2025-09-26 00:00:00,
15727,Bridge Data Centres,BBY01,,"1, Digha Naka, Subhash Nagar, Dighe",,Navi Mumbai,Maharashtra,400708,19.173795,72.998076,https://www.bridgedatacentres.com,0,0,0,enquiry@bridgedatacentres.com,,bdc_dxe@bridgedatacentres.com,,,,2025-09-26 00:00:00,
15846,Digital Edge DC,Digital Edge BOM1,,"52M2+7FF, Bhola Nagar, Kalwa, Thane",,Navi Mumbai,Maharashtra,400605,19.189298,73.004055,https://www.digitaledgedc.com/products/datacenters/india,0,0,0,info@digitaledgedc.com,,info@digitaledgedc.com,,,,2025-09-26 00:00:00,
15990,VELOSTING,Velosting Ambala,,"Showroom No. 103, Sector 8, Ambala City, Near Anaj Manji",,Ambala,Haryana,134003,30.367963,76.777943,https://www.velosting.com,1,0,0,help@velosting.com,,help@velosting.com,,,,2025-09-26 00:00:00,
15991,VELOSTING,Velosting YamunaNagar,,"First Floor, Plot No. 11, Ishwar Nagar Workshop Road",,YamunaNagar,Haryana,135001,,,https://www.velosting.com,1,0,0,help@velosting.com,,help@velosting.com,,Lessee,,2025-09-26 00:00:00,
16133,CtrlS Datacenters Ltd,CtrlS Bhubaneswar DC1,,"CtrlS Bhubaneswar DC, Infocity, Chandrasekharpur",,Bhubaneswar,Odisha,751024,20.340478,85.799431,https://www.ctrls.com/datacenters-in-india/,9,0,0,,,,,Owner,,2025-09-26 00:00:00,
16477,Sify Technologies Limited,Sify Infinit Spaces Limited - Lucknow,,HCL IT City Campus (Beside Gate Number-1),"Khasara Number-120, Sultanpur Road",Lucknow,Uttar Pradesh,226002,26.791895,81.019263,https://www.sifytechnologies.com/,4,0,0,,,,,,,2025-09-26 00:00:00,
16560,Extreme Infocom Pvt. Ltd.,Extreme Highway Tower,,"Office Number 1A, , 4th Floor, Highway tower, Kalbhor Nagar, MIDC, Chinchwad, Mumbai -Pune Road,Pimpri-Chinchwad",,Pune,Maharashtra,411019,18.645199,73.790266,http://www.extreme-ix.org,2,1,0,sales@x3me.net,,support@x3me.net,,,48 VDC,2025-10-20 00:00:00,
16569,Extreme Infocom Pvt. Ltd.,Extreme Vega Center Swargate,,"Mediprobe House, Vega Centre, Office no 6, Block A, 3rd Floor, Swargate, Shankar Sheth Road,",,Pune,Maharashtra,411037,18.500893,73.871851,http://www.extreme-ix.org,1,1,0,sales@x3me.net,,support@x3me.net,,,,2025-10-20 00:00:00,
16763,"Equinix, Inc.",Equinix CN1 - Chennai,,"Plot H12, SIPCOT Industrial Park, Siruseri",Chengalpet District (A District),Siruseri,Tamil Nadu,603103,12.826015,80.219345,https://www.equinix.com/data-centers/asia-pacific-colocation/india-colocation/chennai-data-centers,2,1,1,sales@equinix.com,,gsd@equinix.com,,,,2025-12-10 00:00:00,
16802,CtrlS Datacenters Ltd,CtrlS Patna DC2,,"CtrlS Datacenters, Plot No 32&33, Pataliputra Industrial Area, Sardar Patel Road near P&M Mall",,Patna,Bihar,800013,25.63516,85.10596,https://www.ctrls.com/patna-datacenter/,7,0,1,edge@ctrls.in,,,,Owner,,2026-04-06 00:00:00,
16803,CtrlS Datacenters Ltd,CtrlS Ahmedabad DC1,,CtrlS Datacenters Ltd. Gyan Marg,Gift City Gandhinagar,Ahmedabad,Gujarat,382355,23.168011,72.691181,https://www.ctrls.com/datacenter-ahmedabad/,3,0,0,edge@ctrls.in,,,,Owner,,2026-01-24 00:00:00,
16810,URLSTART,URLSTART,,H-109 Sector 63 Gautam Budhha Nagar,,Gautam Buddha Nagar,Uttar Pradesh,201301,28.608961,77.352953,https://www.urlstart.com/server/colocations.php,0,0,0,sales@urlstart.com,,email@urlstart.com,+918383892277,,,2026-01-19 00:00:00,
16861,DBYTE FACILITY NETWORK PRIVATE LIMITED,Dbyte Manesar HR,,"Plot No 432, Rao Lal Singh Market Naharpur","Kasan, IMT Manesar - 122051",Manesar,Haryana,122051,28.372387,76.93876,https://www.dbytefacility.com/colocation-peering/,0,0,0,techsupport@dbyte-facility.com,+918064526034,techsupport@dbyte-facility.com,+918064526034,,48 VDC; 400 VAC; 480 VAC,2026-06-29 00:00:00,See all locations at https://www.dbytefacility.com/our-presence/
16886,"Equinix, Inc.",Equinix MB3 - Mumbai,,"Plot 15 B, Chandivali Farm Road, Andheri East",,Mumbai,Maharashtra,400072,19.114404,72.896533,https://www.equinix.com/data-centers/asia-pacific-colocation/india-colocation/mumbai-data-centers/mb3,1,1,0,,,,,,,2026-01-30 00:00:00,
16968,Nxtra Data Ltd,Nxtra Data Pune DC2,,"Phase 3, Hinjawadi Rajiv Gandhi Infotech Park","Hinjawadi, Pimpri-Chinchwad",Pune,Maharashtra,411057,18.593282,73.691173,https://www.nxtra.in/data-center-pune,0,1,0,business@nxtra.in,,gp.singh@nxtra.in,,Owner,400 VAC; 480 VAC,2026-03-23 00:00:00,
16969,Nxtra Data Ltd,Nxtra Data Kolkata DC 1,,"Action Area IIE, Newtown, New Town",,Kolkata,West Bengal,700161,22.61275,88.456639,https://www.nxtra.in/data-center-kolkata-bhubaneshwar,0,0,0,business@nxtra.in,,gp.singh@nxtra.in,,Owner,400 VAC,2026-03-17 00:00:00,
17073,Sify Technologies Limited,Sify Infinit Spaces Limited,,"SIPCOT IT Park, H11/A, Siruseri, Egattur,",,Chennai,Tamil Nadu,603103,12.826015,80.219345,https://sifyinfinitspaces.com/,1,0,0,,,,,,,2026-05-17 00:00:00,
17200,L&T Network Services Private Limited,L&T Network Services - BOM 01,,"Old Mumbai-Pune Highway Village - Bhokarpada,","Post - Poyanje (ONGC), District - Raigad",Panvel,Maharashtra,410221,18.998325,73.109005,https://larsentoubrovyoma.com/data-centers/mumbai,2,0,0,Yuvaraja.K@larsentoubro.com,,dccs-noc@larsentoubro.com,+917305767322,Owner,400 VAC,2026-05-28 00:00:00,
17201,L&T Network Services Private Limited,L&T Network Services - MAA 01,,L&T Datacenter,"147, DATA CENTER CAMPUS, CHENNAI BANGALORE HIGHWAY, NEERVALLUR VILLAGE,",Kancheepuram,Tamil Nadu,631561,12.900553,79.809789,https://larsentoubrovyoma.com/data-centers/chennai,1,0,0,Gunasekar.Lakshmanan@larsentoubro.com,,dccs-noc@larsentoubro.com,+919840898478,Owner,480 VAC,2026-05-28 00:00:00,
17247,Sify Technologies Limited,Sify Infinit Spaces Limited - Mohali,,"B4 Sector 57, Sahibzada Ajit Singh Nagar",,Mohali,Punjab,160055,,,https://sifyinfinitspaces.com/,0,0,0,,,,,,,2026-06-28 00:00:00,
17462,Sify Technologies Limited,Sify Infinit Spaces Limited- Noida 02,,"Sify Infinit Space Ltd., Plot No B 11, 12, & 13 Sector 132 Noida","UttarPradesh 201304 Lat-Long 28.510325, 77.372536",Noida,Uttar Pradesh,201304,28.513261,77.377758,https://sifyinfinitspaces.com/,0,1,0,arnold.palocaren@sifycorp.com,,TX.NOC@sifycorp.com,,Owner,,2026-08-19 00:00:00,
