Location,Phone No,Address
Ludhina,9315186621,"RETICULE INFOTECH PVT.LTD SCO-18, FEROZGANDHI MARKET, LUDHIANA"
Mumbai-Equinix,9930989877,"NIXI C/o Equinix Data center (GPX-1)., Unit A - 001, Boomerang, Chandivali Farm Road, Near Oberoi Garden, Andheri East, Mumbai – 400 072"
Belgaum,8754808858,"OUTOFBOX NETWORKS PRIVATE LIMITED Fifth Floor, Oneness, 1st Cross, 1st Main, Sadashiv Nagar, Belagavi, Karnataka: 590001"
Kolkata,9898536464,"NIXI C/O STT, 1, Videsh Sanchar Bhavan, 18, CIT Rd, Ultadanga, Kolkata, West Bengal 700054"
Bangalore-SIFY,8754808858,"NIXI C/O SIFY, 3rd Floor, Cyber Park, 3rd Cross Rd, Electronics City Phase 1, Electronic City, Bengaluru, Karnataka 560100 India"
Hyderabad-CTRLS,8754808858,"NIXI C/O CtrlS Datacenters Ltd,16 Software Units Layout, Madhapur (Hitech-City),Hyderabad – 500081, Telangana"
Ahmedabad,9898536464,"NIXI C/O GNFC- Code Solutions -A Division of GNFC Limited 301, GNFC Info Tower, Nr. Grand Bhagwati, S G Highway , Bodakdev, Ahmedabad - 380054 Gujarat India"
Guwahati,9898536464,"NIXI C/O AMTRON, Assam Electronics Development Corporation Ltd. Industrial Estate, Bamunimaidan, Guwahati-21, Assam"
Dehradun,9315186621,"STPI, IT-01 STPI incubation centre, Sahastradhara Rd, IT Park, Dehradun, Uttarakhand 248013"
Chennai-STT,8754808858,"NIXI C/O. STT, Videsh Sanchar Bhavan, No.4 , Swami Sivananda Salai Chennai, Tamil Nadu 600002"
Prayagraj,9315186621,"Sangam Place, Clive Rd, Vivek Vihar Colony, Civil Lines, Prayagraj, Uttar Pradesh 211001"
Kanpur,9315186621,"NIXI C/O STPI- &nbsp;UPSIDA Complex, A-1/4 , Lakhanpur, Kanpur - 208024 Uttar Pradesh"
Meerut,9315186621,"NIXI C/o SHREE BALAJI WIFI PVT LTD, J 19 Ganga Nagar Mawana Road Meerut 250001"
Gorakhpur,9315186621,"NIXI C/O One Broadband, 4th Floor, RKDK Building, Phase-2, Shahi Market, Cinema road, Gorakhpur-273001"
Varanasi,9315186621,"NetMatix Krishna Apartment, Dayal Tower, mahmoorganj, adarsh nagar, varanasi"
Agra,9315186621,"NIXI C/O U.P. Communication Services Pvt. Ltd., S-5, Block No.32, 2nd floor, In-front of LIC Building, Sanjay Place, Agra 282002"
Lucknow,9315186621,"Ctrls Datacenters Ltd, Unit No: 508&amp; 509, 5th Floor Urbanac Business Park,A-1, Vibhuti Khand Gomti Nagar Lucknow. U.P"
Surat,9898536464,"Ishan Netsol Pvt Ltd - Office No. 330/331, International Trade Center, Majura Gate, Ring Road, Surat"
Rajkot,9898536464,"Ishan Netsol Pvt Ltd - 315-316, Shivam Complex, Dr. Yagnik Road, Opp Jagnath Temple, Rajkot – 360001"
Vadodara,9898536464,"Ishan Netsol Pvt Ltd - 802-Sterling Centre, R.C Dutt Road, Alkapuri, Baroda - 390007"
Durgapur,9898536464,"STPI Durgapur- Address: G89W+78Q, Sahid Sukumar Banerjee Sarani, Opp to Spencers, Bidhannagar, Durgapur, West Bengal 713212"
Burdwan,9898536464,"Burdwan Railway Station Railtel O.F.C. HUT, Burdwan, West Bengal"
Jaipur,9930989877,"STPI, Plot No. IT – 21, IT Park, EPIP Sitapura, Jaipur, Rajasthan 302022"
Haldwani,9315186621,"AAA DC No.4 , Gaujjali Bichli , Nigam , Haldwani,Uttarakhand"
Agartala,9898536464,"CSC, IT Bhawan, ITI Road, Indranagar, Agartala, West Tripura - 799006."
Gurgaon,9315186621,"STPI, Electronic City, Phase IV, Udyog Vihar, Sector 18, Gurgaon, Haryana"
Indore,9930989877,"NIXI C/O STPI, MPSEDC, STPI Building, Electronic Complex, Atmaram Choudhary Marg, Near Readymade Complex, Opp. Sukhliya, Electronic Complex, Pardesipura, Indore, Madhya Pradesh 452010"
Srinagar,9315186621,"STPI, Rangreth, Srinagar, Jammu and Kashmir 190005"
Jodhpur,9930989877,"STPI, Plot No. CYB-I, Cyber Park, RIICO Heavy Industrial Area, Near Saras Dairy, Jodhpur-342003 Rajasthan"
Bhopal,9930989877,"STPI, Plot No C-11, IT Park, Near RGPV, New Jail Rd, Gandhi Nagar, Bhopal, Madhya Pradesh 462038"
Puducherry,8754808858,"Interjet India Private Limited, AR Plaza, 45 Feet Road, Balaji Nagar, Pondicherry - 605013"
Mangalore,8754808858,"Blueberry Hill, STPI, Haripadadavu Road, Derebail, Mangaluru, Karnataka 575008"
Goa - STPI,9930989877,"STPI DC 2nd Floor, Udyog Bhawan, Panaji, Goa-403001"
Gwalior,9315186621,"Airline Internet Data Centre Address:, Opp. Yadav Dharm Kanta, A.B. Road, Gwalior – 474004, Madhya Pradesh"
Shimla,9315186621,"CrystalClear Network Pvt. Ltd C/o Channel 9 Cable TV, Thakur Vatika, Near Hanuman Temple, Khalini, Shimla-171002"
Jammu,9315186621,"CSC E governance services india limited, 23/5 a, tirupta nagar, opp. Tirupta palace, Jammu"
Patna,9898536464,"CTRLS- 6th floor, Plot no:-18, Patliputra Industrial Area, Patliputra, Patna, Bihar 800013"
Tirupati,8754808858,"STPI DC Survey No. 234, behind ShilpaRamam - Urban Haat, Tirupati, Andhra Pradesh 517501"
Coimbatore,8754808858,"ISHAN Netsol Classic Towers, 104, 5th floor, 1547, Trichy road, Coimbatore - 641018"
Raipur,9898536464,"Ashoka Millennium, office no - 1, 6th Floor, Ring Road no-1, Near Rajendra Nagar, Chhattisgarh, 492001"
Bhubneshwar,9898536464,"Sify DC, Keshari Commercial Complex, Plot No 98 , 2nd Floor , Unit 3, Kharavela Nagar , Bhubaneswar - 751001"
Cuttack,9898536464,"1st Floor,Plot No-741/2309,KB Complex,Station Road,Cuttack"
Nagpur,9930989877,"Ishan DC, 704 A Wing Lokmat Bhavan, Lokmat Sq. Ramdaspeth Wardha Road Nagpur 44001"
Jabalpur,9930989877,"S-1, Second floor, Jain Tower, Russel Chowk, Napier Town, Jabalpur 482001."
Visakhapatnam,8754808858,"Visakhapatnam (Vizag) - Sify DC, City Plaza, Dabagardens,Allipuram Ward, Block No.41, TS No.1542 Door No.30-15-158,Vishakhapatam-530001"
Mumbai-Sify,9930989877,"NIXI C/o Sify, VAT 251, 5th & 6th Floor, International Infotech Park, Vashi, Navi Mumbai"
Noida-Netmagic,9315186621,"NIXI C/O, Netmagic IT Services Private Limited Building H - 223, Sector 63 Near Ginger Hotel Noida - 201301"
MUMBAI NETMAGIC,9199309898,"NIXI C/O Netmagic DC, Light Hall C Wing Hiranandani Business Park, Saki Vihar Road Chandivali Andheri East, Mumbai, Maharashtra, 400072"
DELHI,9315186621,"NIXI C/O, STT, IDC Building, Block E, Greater Kailash I, Greater Kailash New Delhi, Delhi 110048"
CHANDIGARH,9315186621,"SIFY DC, SCO 215-216-217, Sec 34A Chandigarh-160022"
BAREILLY,9315186621,"Rsbs Online Services Private limited, 214,civil lines, Bareilly, Uttar Pardesh, India.243001 MB:9258882888"
NASHIK,9930989877,"NIXI C/o Ishan Netsol Pvt Ltd ,The HUB, 2ND floor , Parijat Nagar b, Parijat Nagar, Nashik, Maharashtra"
Mumbai-Equinix (2),9930989877,"NIXI C/o Equinix Data center (GPX-2)., Plot 37, Chandivali Farm Road, Andheri East, Mumbai – 400 072"
TUTICORIN,8754808858,"Ceeyem Building18 D, South Raja Street,Tuticorin-628001"
VIJAYAWADA,8754808858,"D:No 40-2-5A,5th Floor,CVR Chambers,Beside Kalanikethan,Labbipet.Vijayawada-520010"
RANCHI,9898536464,"Sify DC, Green Field Centrium,5th Floor,Main Road,Opposite to Big Bazar,Ranchi-834001"
AIROLI-MUMBAI,9930989877,"Sify DC, 6th Floor, Reliable Plaza , Thane Belapur Road ,Airoli, Navi Mumbai-400706"
COCHIN NOC,8754808858,"DC, Infopark, Thapasya, Kusumagiri, Kakkanad,Cochin-682030"
THIRUVANANTHAPURAM,8754808858,"Kings Broadband, Anjanam, TC 69/1530(3) Chekkittavilakam, Attukal Road, Manacaud.P.O. Thiruvananthapuram 695009"
MADURAI,8754808858,"Sify DC, 30,Kamala 2nd St ,G P Building, Chinnachokkikulam Madurai-625002"
AMRITSAR,9315186621,"NIXI C/O Sify DC, SCF 50, KABIR PARK,OPPOSITE GNDU,AMRITSAR, PUNJAB.-143001"
SILIGURI,9898536464,"Sify DC, 160/1030, 2nd Floor,Haren Mukherjee Road, Hakimpara,Siliguri-734001"
SALEM,8754808858,"Sify DC, 66,5th floor,Fort Main Road,Salem-636002"
JALANDHAR,9315186621,"Sify DC, Nirmal Complex, EH 198,Civil Lines, GT Road,Jalandhar, Punjab-144001"
NOIDA-SIFY,9315186621,"Sify Greenfort DC, B7, Noida-Greater Noida Expy, B Block, Block A, Sector 132, Noida, Uttar Pradesh 201304"
NOIDA-CTRLS,9315186621,"CtrlS Datacenter, Plot No.13, Sector 127, Noida, Uttar Pradesh 201304"
THANE,9930989877,"Ishan Netsol, 211, 2nd floor, Swati Sagar co-op hsg Society, Majiwada Circle, Pokhran Road No-2,Thane (west) Mumbai Pincode-400606"
VASAI,9930989877,"NIXI C/O Ishan Netsol, Office no 25 1st floor Vrindavan Shopping, Evershine City Rd, Vasai East, Maharashtra 401208"
PUNE,9930989877,"Pune STT DC, JV37+JQ2, Alandi Rd, V S N L Old Colony, Dighi, Pune, Maharashtra 411015"
HYDERABAD-STT,8754808858,"NIXI C/O STT DC,Videsh Sanchar Bhavan, CFC-1, Software Units Layout, Madhapur, HITEC City, Hyderabad, Telangana 500081"
PURI,9898536464,"NIXI C/O Ishan Netsol DC, Plot N0: 161 , 1st Floor, iota, Gundicha temple back side, Near Indian oil petrol pump, Puri -752002"
BANGALORE-NEXTRA,8754808858,"NIXI C/O Nextra DC, Plot No: 111 & 112, Vijayanagar, EPIP Zone, Whitefield, Bengaluru, 560066"
CHENNAI-SANTHOME,8754808858,"NIXI C/O Bharti Airtel Towers, 101 Santhome High Road,Chennai, 600 028"
AURANGABAD,9930989877,"NIXI C/O Sify DC, IInd floor , Oberoy Chambers, Beside Hotel Amarpreet ,Jalna Road ,Aurangabad-431001"
MUMBAI CTRLS,9930989877,"NIXI C/O CtrlS DC, Electronic Zone, MIDC Industrial Area, Mahape, Navi Mumbai pin 400710"
MUMBAI STT,9930989877,"NIXI C/O STT DC, Lokmanya Videsh Sanchar Bhavan, Kashinath Dhuru Marg, OPP. Kirti College, Prahadevi, Mumbai, , 400028"
CHENNAI-SIFY,8754808858,"NIXI C/O. SIFY , II Floor, TIDEL Park, No.4, Canal Bank Road, Taramani, Chennai, Tamil Nadu 600113 India"
SOLAPUR,9930989877,"10G Telecom Data Centre, Venkatesh Apartment, F, No. 402, VIP Road, Near Malabar Glod Showroom, Solapur, Maharashtra pin 413001"
Bhusawal,9930989877,"Megaprime Network Pvt. Ltd., Survey No. 83/84, Second Floor, Old House No. 855 / New 2/2, Behind Amar Store, Morden Road, Bhusawal, Dist. Jalgaon – 425201"
